brief,objective,screen_id,screen_kind,screen_type,mount_position,screen_size,location_name,location_type,zone_name,city_name,market_tier,routes,time_block_id,time_block_hours,daypart,slots_per_day,price_floor,price_target,price_cap,cost_per_day,cost_for_campaign,demand_score,demand_basis,impressions_standalone_daily,impressions_marginal_daily,impressions_marginal_weekly,relevance_score,relevance_reason,audience_cluster,data_confidence,audience_profile,nearby_pois
_uploaded_campaign_1,conversion,LH-SCR-003593,fixed,metro_station,platform,S,Harborfront Terminal,metro_station,Harborfront,Las Hackland,premium,Green Line,5,16:00-20:00,evening,1,62.04,63.48,111.67,63.48,2856.6,0.0388,own_history,47342.0,47342.0,331395.0,0.7979,"57% of local population in target age range (18_34, 35_54); commuter index 0.52; nearby office_park POI(s) relevant to campaign",LOC::LH-LOC-0082,high,"Evening audience in Harborfront is mixed-age, with a median age of 44.7, high footfall, and nearby office, grocery, entertainment, and tourist activity.",office_park; grocery_anchor; tourist_landmark
_uploaded_campaign_1,conversion,LH-SCR-003105,fixed,metro_station,platform,S,Riverside Junction Central,metro_station,Riverside Junction,Las Hackland,premium,Green Line,5,16:00-20:00,evening,1,57.64,59.8,103.75,59.8,2691.0,0.0625,own_history,47461.0,45879.0,321150.0,0.5557,"70% of local population in target age range (18_34, 35_54); commuter index 0.52; no nearby POIs match requested type(s): office_park",LOC::LH-LOC-0017,high,"Evening audience in Riverside Junction is younger, with a median age of 34.3, high density, and strong hospital, residential, grocery, and tourist activity.",hospital; residential_tower; grocery_anchor
_uploaded_campaign_1,conversion,LH-SCR-004282,fixed,metro_station,platform,S,Riverside Junction Central,metro_station,Riverside Junction,Las Hackland,premium,Yellow Line,5,16:00-20:00,evening,1,67.42,68.53,121.36,68.53,3083.85,0.0275,own_history,45678.0,45678.0,319749.0,0.8533,"70% of local population in target age range (18_34, 35_54); commuter index 0.51; nearby office_park POI(s) relevant to campaign",LOC::LH-LOC-0037,high,"Evening audience in Riverside Junction is younger, with a median age of 34.3, high density, and nearby office, shopping, grocery, and entertainment activity.",office_park; shopping_mall; entertainment_district
_uploaded_campaign_1,conversion,LH-SCR-002514,fixed,metro_station,platform,S,North Terminus Central,metro_station,North Terminus,Las Hackland,premium,Green Line,5,16:00-20:00,evening,1,57.2,58.86,102.96,58.86,2648.7,0.0485,own_history,45181.0,45181.0,316264.0,0.6831,"48% of local population in target age range (18_34, 35_54); commuter index 0.52; nearby office_park POI(s) relevant to campaign",LOC::LH-LOC-0088,high,"Evening audience in North Terminus is mixed-age, with a median age of 47.1, moderate commuter flow, and nearby shopping, office, residential, and tourist activity.",office_park; residential_tower; shopping_mall
_uploaded_campaign_1,conversion,LH-SCR-004595,fixed,metro_station,platform,S,Riverside Junction Terminal,metro_station,Riverside Junction,Las Hackland,premium,Copper Line,5,16:00-20:00,evening,1,57.16,58.43,102.89,58.43,2629.35,0.0369,own_history,45582.0,44062.0,308433.0,0.5581,"70% of local population in target age range (18_34, 35_54); commuter index 0.53; no nearby POIs match requested type(s): office_park",LOC::LH-LOC-0027,high,"Evening audience in Riverside Junction is younger, with a median age of 34.3, high density, and nearby hospital, tourist, entertainment, and grocery activity.",hospital; tourist_landmark; entertainment_district
_uploaded_campaign_1,conversion,LH-SCR-005502,fixed,metro_station,platform,S,Old Mill District Central,metro_station,Old Mill District,Las Hackland,premium,Yellow Line,3,08:00-12:00,midday,1,45.22,46.22,81.4,46.22,2079.9,0.037,own_history,41676.0,41676.0,291730.0,0.509,"53% of local population in target age range (18_34, 35_54); commuter index 0.52; no nearby POIs match requested type(s): office_park",LOC::LH-LOC-0023,high,"Midday audience near a hospital, government building, grocery anchor, and residential tower; blue-collar dominated, with high footfall and area averages used.",grocery_anchor; hospital; government_building
_uploaded_campaign_1,conversion,LH-SCR-005033,fixed,metro_station,platform,S,Harborfront Central,metro_station,Harborfront,Las Hackland,premium,Green Line,3,08:00-12:00,midday,1,54.06,57.52,97.31,57.52,2588.4,0.1066,own_history,41104.0,41104.0,287730.0,0.751,"57% of local population in target age range (18_34, 35_54); commuter index 0.52; nearby office_park POI(s) relevant to campaign",LOC::LH-LOC-0092,high,"Midday audience near a hospital, grocery anchor, office park, and residential tower; higher income, more educated, with mixed occupations and high footfall.",office_park; grocery_anchor; hospital
_uploaded_campaign_1,conversion,LH-SCR-003799,fixed,metro_station,platform,S,North Terminus Interchange,metro_station,North Terminus,Las Hackland,premium,Blue Line,3,08:00-12:00,midday,1,46.26,47.09,83.27,47.09,2119.05,0.0299,own_history,42472.0,41055.0,287386.0,0.5412,"48% of local population in target age range (18_34, 35_54); commuter index 0.52; nearby office_park POI(s) relevant to campaign",LOC::LH-LOC-0068,high,"Midday audience near residential tower, tourist landmark, office park, and hospital; older than average, with mixed occupations and high footfall.",tourist_landmark; residential_tower; office_park
_uploaded_campaign_1,conversion,LH-SCR-002375,fixed,metro_station,platform,S,North Terminus Interchange,metro_station,North Terminus,Las Hackland,premium,Copper Line,3,08:00-12:00,midday,1,43.81,44.49,78.86,44.49,2002.05,0.0257,own_history,40574.0,39221.0,274548.0,0.4733,"48% of local population in target age range (18_34, 35_54); commuter index 0.51; no nearby POIs match requested type(s): office_park",LOC::LH-LOC-0028,high,"Midday audience near a tourist landmark, shopping mall, entertainment district, and residential tower; older than average, with mixed occupations and high footfall.",tourist_landmark; entertainment_district; shopping_mall
_uploaded_campaign_1,conversion,LH-SCR-002639,fixed,metro_station,platform,S,Old Mill District Central,metro_station,Old Mill District,Las Hackland,premium,Green Line,3,08:00-12:00,midday,1,42.65,44.06,76.77,44.06,1982.7,0.0551,own_history,38384.0,37104.0,259726.0,0.5099,"53% of local population in target age range (18_34, 35_54); commuter index 0.52; no nearby POIs match requested type(s): office_park",LOC::LH-LOC-0073,high,"Midday audience near a grocery anchor, hospital, shopping mall, and government building; blue-collar dominated, with high footfall and area averages used.",grocery_anchor; hospital; shopping_mall
_uploaded_campaign_1,conversion,LH-SCR-005373,fixed,metro_station,platform,S,East Commons Terminal,metro_station,East Commons,Las Hackland,premium,Teal Line,3,08:00-12:00,midday,1,48.18,50.85,86.72,50.85,2288.25,0.0923,own_history,39484.0,36080.0,252561.0,0.5724,"58% of local population in target age range (18_34, 35_54); commuter index 0.53; nearby office_park POI(s) relevant to campaign",LOC::LH-LOC-0090,high,"Midday audience near a hospital, entertainment district, grocery anchor, and office park; mixed occupations, with high footfall and area averages used.",grocery_anchor; hospital; entertainment_district
_uploaded_campaign_1,conversion,LH-SCR-005279,fixed,metro_station,platform,S,Market Quarter Central,metro_station,Market Quarter,Las Hackland,premium,Silver Line,3,08:00-12:00,midday,1,46.66,47.81,83.99,47.81,2151.45,0.0411,own_history,37898.0,35793.0,250550.0,0.5581,"63% of local population in target age range (18_34, 35_54); commuter index 0.53; no nearby POIs match requested type(s): office_park",LOC::LH-LOC-0019,high,"Midday audience near residential tower, grocery anchor, shopping mall, and government building; younger than average, retail service dominated, with high footfall.",grocery_anchor; residential_tower; shopping_mall
_uploaded_campaign_1,conversion,LH-SCR-004997,fixed,metro_station,platform,S,Old Mill District Terminal,metro_station,Old Mill District,Las Hackland,premium,Yellow Line,3,08:00-12:00,midday,1,43.75,44.33,78.75,44.33,1994.85,0.0221,own_history,36901.0,34993.0,244951.0,0.5099,"53% of local population in target age range (18_34, 35_54); commuter index 0.52; no nearby POIs match requested type(s): office_park",LOC::LH-LOC-0013,high,"Midday audience near a government building, grocery anchor, hospital, and residential tower; blue-collar dominated, with high footfall and area averages used.",government_building; residential_tower; grocery_anchor
_uploaded_campaign_1,conversion,LH-SCR-002880,fixed,metro_station,platform,L,North Terminus Terminal,metro_station,North Terminus,Las Hackland,premium,Violet Line,3,08:00-12:00,midday,1,48.96,48.97,88.13,48.97,2203.65,0.0003,own_history,28197.0,28197.0,197378.0,0.7742,"48% of local population in target age range (18_34, 35_54); commuter index 0.51; nearby office_park POI(s) relevant to campaign",LOC::LH-LOC-0058,high,"Midday audience near an office park, entertainment district, hospital, and tourist landmark; older than average, with mixed occupations and high footfall.",office_park; entertainment_district; hospital
_uploaded_campaign_1,conversion,LH-SCR-005976,fixed,metro_station,platform,S,Riverside Junction Interchange,metro_station,Riverside Junction,Las Hackland,premium,Copper Line,3,08:00-12:00,midday,1,54.23,54.65,97.61,54.65,2459.25,0.0129,own_history,28190.0,27250.0,190749.0,0.853,"70% of local population in target age range (18_34, 35_54); commuter index 0.51; nearby office_park POI(s) relevant to campaign",LOC::LH-LOC-0077,high,"Midday audience near a grocery anchor, residential tower, and office park; younger than average, with mixed occupations and high footfall.",office_park; grocery_anchor; residential_tower
_uploaded_campaign_1,conversion,LH-SCR-005329,fixed,metro_station,platform,S,East Commons Terminal,metro_station,East Commons,Las Hackland,premium,Blue Line 2,3,08:00-12:00,midday,1,49.3,50.62,88.74,50.62,2277.9,0.0446,own_history,27776.0,26959.0,188713.0,0.8366,"58% of local population in target age range (18_34, 35_54); commuter index 0.51; nearby office_park POI(s) relevant to campaign",LOC::LH-LOC-0070,high,"Midday audience near an office park, entertainment district, and shopping mall; mixed occupations, with high footfall and area averages used.",office_park; entertainment_district; shopping_mall
_uploaded_campaign_1,conversion,LH-SCR-003562,fixed,metro_station,platform,S,Harborfront Terminal,metro_station,Harborfront,Las Hackland,premium,Green Line,6,20:00-24:00,night,1,33.3,33.44,59.94,33.44,1504.8,0.0071,own_history,16337.0,7464.0,52250.0,0.8117,"57% of local population in target age range (18_34, 35_54); commuter index 0.52; nearby office_park POI(s) relevant to campaign",LOC::LH-LOC-0082,high,"Night audience in Harborfront is a mixed group with high footfall, centered around office park, grocery anchor, entertainment district, and tourist landmark areas.",office_park; grocery_anchor; tourist_landmark
_uploaded_campaign_2,conversion,LH-SCR-001498,vehicle,metro_rail_coach,,M,,vehicle-mounted (no fixed location),Uptown Crescent,Las Hackland,premium,Silver Line,5,16:00-20:00,evening,1,71.75,73.19,129.15,73.19,1536.99,0.0335,own_history,12844.0,12844.0,89906.0,0.6818,"32% of local population in target age range (18_34); commuter index 0.52; matches requested daypart (evening); nearby university, entertainment_district POI(s) relevant to campaign",COR::LH-RT-M005,high,"Evening riders are in dense areas with entertainment, university, shopping, government, and residential activity; this screen is in a medium-footfall hub zone.",entertainment_district; university; shopping_mall
_uploaded_campaign_2,conversion,LH-SCR-001779,vehicle,metro_rail_coach,,M,,vehicle-mounted (no fixed location),Riverside Junction,Las Hackland,premium,Indigo Line,5,16:00-20:00,evening,1,71.21,71.86,128.18,71.86,1509.06,0.0152,own_history,12462.0,12084.0,84588.0,0.5232,"30% of local population in target age range (18_34); commuter index 0.52; matches requested daypart (evening); nearby entertainment_district, university, stadium_arena POI(s) relevant to campaign",COR::LH-RT-M010,high,"Evening riders are in dense mixed areas with shopping, office, museum, stadium, and hospital activity; this screen is in a medium-footfall hub zone.",museum; stadium_arena; office_park
_uploaded_campaign_2,conversion,LH-SCR-001163,vehicle,metro_rail_coach,,M,,vehicle-mounted (no fixed location),Downtown Core,Las Hackland,premium,Blue Line,5,16:00-20:00,evening,1,72.96,73.84,131.33,73.84,1550.64,0.0201,own_history,12905.0,12045.0,84317.0,0.5534,"34% of local population in target age range (18_34); commuter index 0.52; matches requested daypart (evening); nearby entertainment_district, university POI(s) relevant to campaign",COR::LH-RT-M001,high,"Evening riders are in dense mixed areas with shopping, hotel, entertainment, museum, and government activity; this screen is in a medium-footfall hub zone.",shopping_mall; hotel_convention; entertainment_district
_uploaded_campaign_2,conversion,LH-SCR-001283,vehicle,metro_rail_coach,,M,,vehicle-mounted (no fixed location),Harborfront,Las Hackland,premium,Red Line,5,16:00-20:00,evening,1,71.47,72.26,128.65,72.26,1517.46,0.0185,own_history,12463.0,11929.0,83501.0,0.659,"29% of local population in target age range (18_34); commuter index 0.51; matches requested daypart (evening); nearby entertainment_district, university POI(s) relevant to campaign",COR::LH-RT-M003,high,"Evening riders are in dense mixed areas with entertainment, university, shopping, residential, and hospital activity; this screen is in a medium-footfall hub zone.",entertainment_district; university; residential_tower
_uploaded_campaign_2,conversion,DAT-SCR-001267,vehicle,metro_rail_coach,,M,,vehicle-mounted (no fixed location),Bellwood,DA Town,standard,Yellow Line,3,08:00-12:00,midday,1,45.35,46.28,81.63,46.28,971.88,0.0342,own_history,9840.0,9840.0,68879.0,0.4916,"32% of local population in target age range (18_34); commuter index 0.52; outside requested daypart(s) (evening, night, morning); nearby entertainment_district, university POI(s) relevant to campaign",COR::DAT-RT-M004,high,"Midday riders are mainly adults 18 to 54, with a sizeable 18 to 34 share, in a dense area with university, grocery, mall, and residential tower activity.",university; grocery_anchor; shopping_mall
_uploaded_campaign_2,conversion,DAT-SCR-001137,vehicle,metro_rail_coach,,M,,vehicle-mounted (no fixed location),Central Yard,DA Town,standard,Blue Line,5,16:00-20:00,evening,1,55.87,57.25,100.57,57.25,1202.25,0.0413,own_history,10280.0,9301.0,65106.0,0.5027,"30% of local population in target age range (18_34); commuter index 0.51; matches requested daypart (evening); nearby university, entertainment_district POI(s) relevant to campaign",COR::DAT-RT-M001,high,"Evening riders are in mixed areas with strong government, corporate, university, residential, and shopping activity; this screen is in a medium-footfall hub zone.",government_building; residential_tower; corporate_campus
_uploaded_campaign_2,conversion,DAT-SCR-001403,vehicle,metro_rail_coach,,M,,vehicle-mounted (no fixed location),Founders Square,DA Town,standard,Copper Line,3,08:00-12:00,midday,1,46.68,47.02,84.02,47.02,987.42,0.0122,own_history,8599.0,8225.0,57576.0,0.5104,"32% of local population in target age range (18_34); commuter index 0.50; outside requested daypart(s) (evening, night, morning); nearby university, entertainment_district POI(s) relevant to campaign",COR::DAT-RT-M009,high,"Midday riders are mainly adults 18 to 54, with a sizeable 18 to 34 share, in a dense area with university, grocery, mall, and office park activity.",entertainment_district; grocery_anchor; office_park
_uploaded_campaign_2,conversion,ACS-SCR-001145,vehicle,metro_rail_coach,,M,,vehicle-mounted (no fixed location),Sunridge Acres,Accordionshire,value,Green Line,5,16:00-20:00,evening,1,41.28,41.66,74.3,41.66,874.86,0.0154,own_history,7482.0,6983.0,48881.0,0.5107,"28% of local population in target age range (18_34); commuter index 0.51; matches requested daypart (evening); nearby entertainment_district, university POI(s) relevant to campaign",COR::ACS-RT-M002,high,"Evening riders are in mixed residential and commercial areas with shopping, grocery, university, and office activity; this screen is in a low-footfall hub zone.",grocery_anchor; shopping_mall; residential_tower
_uploaded_campaign_2,conversion,ACS-SCR-001180,vehicle,metro_rail_coach,,M,,vehicle-mounted (no fixed location),Greenhollow,Accordionshire,value,Yellow Line,5,16:00-20:00,evening,1,42.5,43.21,76.5,43.21,907.41,0.0277,own_history,7603.0,6803.0,47619.0,0.5297,"27% of local population in target age range (18_34); commuter index 0.51; matches requested daypart (evening); nearby university, entertainment_district, stadium_arena POI(s) relevant to campaign",COR::ACS-RT-M004,high,"Evening riders are in mixed residential and commercial areas with shopping, grocery, hospital, stadium, and entertainment activity; this screen is in a low-footfall hub zone.",grocery_anchor; shopping_mall; residential_tower
_uploaded_campaign_2,conversion,ACS-SCR-001156,vehicle,metro_rail_coach,,M,,vehicle-mounted (no fixed location),Cobblestone Village,Accordionshire,value,Red Line,3,08:00-12:00,midday,1,34.52,36.05,62.14,36.05,757.05,0.0737,own_history,6350.0,6350.0,44453.0,0.6004,"40% of local population in target age range (18_34); commuter index 0.50; outside requested daypart(s) (evening, night, morning); nearby entertainment_district, university, stadium_arena POI(s) relevant to campaign",COR::ACS-RT-M003,high,"Midday riders are mainly adults 18 to 54, with a strong share aged 18 to 34, in a dense area with university, grocery, mall, and stadium activity.",grocery_anchor; shopping_mall; university
campaign_1,conversion,LH-SCR-003593,fixed,metro_station,platform,S,Harborfront Terminal,metro_station,Harborfront,Las Hackland,premium,Green Line,5,16:00-20:00,evening,1,62.04,63.48,111.67,63.48,2856.6,0.0388,own_history,47342.0,47342.0,331395.0,0.7979,"57% of local population in target age range (18_34, 35_54); commuter index 0.52; nearby office_park POI(s) relevant to campaign",LOC::LH-LOC-0082,high,"Evening audience in Harborfront is mixed-age, with a median age of 44.7, high footfall, and nearby office, grocery, entertainment, and tourist activity.",office_park; grocery_anchor; tourist_landmark
campaign_1,conversion,LH-SCR-003105,fixed,metro_station,platform,S,Riverside Junction Central,metro_station,Riverside Junction,Las Hackland,premium,Green Line,5,16:00-20:00,evening,1,57.64,59.8,103.75,59.8,2691.0,0.0625,own_history,47461.0,45879.0,321150.0,0.5557,"70% of local population in target age range (18_34, 35_54); commuter index 0.52; no nearby POIs match requested type(s): office_park",LOC::LH-LOC-0017,high,"Evening audience in Riverside Junction is younger, with a median age of 34.3, high density, and strong hospital, residential, grocery, and tourist activity.",hospital; residential_tower; grocery_anchor
campaign_1,conversion,LH-SCR-004282,fixed,metro_station,platform,S,Riverside Junction Central,metro_station,Riverside Junction,Las Hackland,premium,Yellow Line,5,16:00-20:00,evening,1,67.42,68.53,121.36,68.53,3083.85,0.0275,own_history,45678.0,45678.0,319749.0,0.8533,"70% of local population in target age range (18_34, 35_54); commuter index 0.51; nearby office_park POI(s) relevant to campaign",LOC::LH-LOC-0037,high,"Evening audience in Riverside Junction is younger, with a median age of 34.3, high density, and nearby office, shopping, grocery, and entertainment activity.",office_park; shopping_mall; entertainment_district
campaign_1,conversion,LH-SCR-002514,fixed,metro_station,platform,S,North Terminus Central,metro_station,North Terminus,Las Hackland,premium,Green Line,5,16:00-20:00,evening,1,57.2,58.86,102.96,58.86,2648.7,0.0485,own_history,45181.0,45181.0,316264.0,0.6831,"48% of local population in target age range (18_34, 35_54); commuter index 0.52; nearby office_park POI(s) relevant to campaign",LOC::LH-LOC-0088,high,"Evening audience in North Terminus is mixed-age, with a median age of 47.1, moderate commuter flow, and nearby shopping, office, residential, and tourist activity.",office_park; residential_tower; shopping_mall
campaign_1,conversion,LH-SCR-004595,fixed,metro_station,platform,S,Riverside Junction Terminal,metro_station,Riverside Junction,Las Hackland,premium,Copper Line,5,16:00-20:00,evening,1,57.16,58.43,102.89,58.43,2629.35,0.0369,own_history,45582.0,44062.0,308433.0,0.5581,"70% of local population in target age range (18_34, 35_54); commuter index 0.53; no nearby POIs match requested type(s): office_park",LOC::LH-LOC-0027,high,"Evening audience in Riverside Junction is younger, with a median age of 34.3, high density, and nearby hospital, tourist, entertainment, and grocery activity.",hospital; tourist_landmark; entertainment_district
campaign_1,conversion,LH-SCR-005502,fixed,metro_station,platform,S,Old Mill District Central,metro_station,Old Mill District,Las Hackland,premium,Yellow Line,3,08:00-12:00,midday,1,45.22,46.22,81.4,46.22,2079.9,0.037,own_history,41676.0,41676.0,291730.0,0.509,"53% of local population in target age range (18_34, 35_54); commuter index 0.52; no nearby POIs match requested type(s): office_park",LOC::LH-LOC-0023,high,"Midday audience near a hospital, government building, grocery anchor, and residential tower; blue-collar dominated, with high footfall and area averages used.",grocery_anchor; hospital; government_building
campaign_1,conversion,LH-SCR-005033,fixed,metro_station,platform,S,Harborfront Central,metro_station,Harborfront,Las Hackland,premium,Green Line,3,08:00-12:00,midday,1,54.06,57.52,97.31,57.52,2588.4,0.1066,own_history,41104.0,41104.0,287730.0,0.751,"57% of local population in target age range (18_34, 35_54); commuter index 0.52; nearby office_park POI(s) relevant to campaign",LOC::LH-LOC-0092,high,"Midday audience near a hospital, grocery anchor, office park, and residential tower; higher income, more educated, with mixed occupations and high footfall.",office_park; grocery_anchor; hospital
campaign_1,conversion,LH-SCR-003799,fixed,metro_station,platform,S,North Terminus Interchange,metro_station,North Terminus,Las Hackland,premium,Blue Line,3,08:00-12:00,midday,1,46.26,47.09,83.27,47.09,2119.05,0.0299,own_history,42472.0,41055.0,287386.0,0.5412,"48% of local population in target age range (18_34, 35_54); commuter index 0.52; nearby office_park POI(s) relevant to campaign",LOC::LH-LOC-0068,high,"Midday audience near residential tower, tourist landmark, office park, and hospital; older than average, with mixed occupations and high footfall.",tourist_landmark; residential_tower; office_park
campaign_1,conversion,LH-SCR-002375,fixed,metro_station,platform,S,North Terminus Interchange,metro_station,North Terminus,Las Hackland,premium,Copper Line,3,08:00-12:00,midday,1,43.81,44.49,78.86,44.49,2002.05,0.0257,own_history,40574.0,39221.0,274548.0,0.4733,"48% of local population in target age range (18_34, 35_54); commuter index 0.51; no nearby POIs match requested type(s): office_park",LOC::LH-LOC-0028,high,"Midday audience near a tourist landmark, shopping mall, entertainment district, and residential tower; older than average, with mixed occupations and high footfall.",tourist_landmark; entertainment_district; shopping_mall
campaign_1,conversion,LH-SCR-002639,fixed,metro_station,platform,S,Old Mill District Central,metro_station,Old Mill District,Las Hackland,premium,Green Line,3,08:00-12:00,midday,1,42.65,44.06,76.77,44.06,1982.7,0.0551,own_history,38384.0,37104.0,259726.0,0.5099,"53% of local population in target age range (18_34, 35_54); commuter index 0.52; no nearby POIs match requested type(s): office_park",LOC::LH-LOC-0073,high,"Midday audience near a grocery anchor, hospital, shopping mall, and government building; blue-collar dominated, with high footfall and area averages used.",grocery_anchor; hospital; shopping_mall
campaign_1,conversion,LH-SCR-005373,fixed,metro_station,platform,S,East Commons Terminal,metro_station,East Commons,Las Hackland,premium,Teal Line,3,08:00-12:00,midday,1,48.18,50.85,86.72,50.85,2288.25,0.0923,own_history,39484.0,36080.0,252561.0,0.5724,"58% of local population in target age range (18_34, 35_54); commuter index 0.53; nearby office_park POI(s) relevant to campaign",LOC::LH-LOC-0090,high,"Midday audience near a hospital, entertainment district, grocery anchor, and office park; mixed occupations, with high footfall and area averages used.",grocery_anchor; hospital; entertainment_district
campaign_1,conversion,LH-SCR-005279,fixed,metro_station,platform,S,Market Quarter Central,metro_station,Market Quarter,Las Hackland,premium,Silver Line,3,08:00-12:00,midday,1,46.66,47.81,83.99,47.81,2151.45,0.0411,own_history,37898.0,35793.0,250550.0,0.5581,"63% of local population in target age range (18_34, 35_54); commuter index 0.53; no nearby POIs match requested type(s): office_park",LOC::LH-LOC-0019,high,"Midday audience near residential tower, grocery anchor, shopping mall, and government building; younger than average, retail service dominated, with high footfall.",grocery_anchor; residential_tower; shopping_mall
campaign_1,conversion,LH-SCR-004997,fixed,metro_station,platform,S,Old Mill District Terminal,metro_station,Old Mill District,Las Hackland,premium,Yellow Line,3,08:00-12:00,midday,1,43.75,44.33,78.75,44.33,1994.85,0.0221,own_history,36901.0,34993.0,244951.0,0.5099,"53% of local population in target age range (18_34, 35_54); commuter index 0.52; no nearby POIs match requested type(s): office_park",LOC::LH-LOC-0013,high,"Midday audience near a government building, grocery anchor, hospital, and residential tower; blue-collar dominated, with high footfall and area averages used.",government_building; residential_tower; grocery_anchor
campaign_1,conversion,LH-SCR-002880,fixed,metro_station,platform,L,North Terminus Terminal,metro_station,North Terminus,Las Hackland,premium,Violet Line,3,08:00-12:00,midday,1,48.96,48.97,88.13,48.97,2203.65,0.0003,own_history,28197.0,28197.0,197378.0,0.7742,"48% of local population in target age range (18_34, 35_54); commuter index 0.51; nearby office_park POI(s) relevant to campaign",LOC::LH-LOC-0058,high,"Midday audience near an office park, entertainment district, hospital, and tourist landmark; older than average, with mixed occupations and high footfall.",office_park; entertainment_district; hospital
campaign_1,conversion,LH-SCR-005976,fixed,metro_station,platform,S,Riverside Junction Interchange,metro_station,Riverside Junction,Las Hackland,premium,Copper Line,3,08:00-12:00,midday,1,54.23,54.65,97.61,54.65,2459.25,0.0129,own_history,28190.0,27250.0,190749.0,0.853,"70% of local population in target age range (18_34, 35_54); commuter index 0.51; nearby office_park POI(s) relevant to campaign",LOC::LH-LOC-0077,high,"Midday audience near a grocery anchor, residential tower, and office park; younger than average, with mixed occupations and high footfall.",office_park; grocery_anchor; residential_tower
campaign_1,conversion,LH-SCR-005329,fixed,metro_station,platform,S,East Commons Terminal,metro_station,East Commons,Las Hackland,premium,Blue Line 2,3,08:00-12:00,midday,1,49.3,50.62,88.74,50.62,2277.9,0.0446,own_history,27776.0,26959.0,188713.0,0.8366,"58% of local population in target age range (18_34, 35_54); commuter index 0.51; nearby office_park POI(s) relevant to campaign",LOC::LH-LOC-0070,high,"Midday audience near an office park, entertainment district, and shopping mall; mixed occupations, with high footfall and area averages used.",office_park; entertainment_district; shopping_mall
campaign_1,conversion,LH-SCR-003562,fixed,metro_station,platform,S,Harborfront Terminal,metro_station,Harborfront,Las Hackland,premium,Green Line,6,20:00-24:00,night,1,33.3,33.44,59.94,33.44,1504.8,0.0071,own_history,16337.0,7464.0,52250.0,0.8117,"57% of local population in target age range (18_34, 35_54); commuter index 0.52; nearby office_park POI(s) relevant to campaign",LOC::LH-LOC-0082,high,"Night audience in Harborfront is a mixed group with high footfall, centered around office park, grocery anchor, entertainment district, and tourist landmark areas.",office_park; grocery_anchor; tourist_landmark
campaign_2,conversion,LH-SCR-001498,vehicle,metro_rail_coach,,M,,vehicle-mounted (no fixed location),Uptown Crescent,Las Hackland,premium,Silver Line,5,16:00-20:00,evening,1,71.75,73.19,129.15,73.19,1536.99,0.0335,own_history,12844.0,12844.0,89906.0,0.6818,"32% of local population in target age range (18_34); commuter index 0.52; matches requested daypart (evening); nearby university, entertainment_district POI(s) relevant to campaign",COR::LH-RT-M005,high,"Evening riders are in dense areas with entertainment, university, shopping, government, and residential activity; this screen is in a medium-footfall hub zone.",entertainment_district; university; shopping_mall
campaign_2,conversion,LH-SCR-001779,vehicle,metro_rail_coach,,M,,vehicle-mounted (no fixed location),Riverside Junction,Las Hackland,premium,Indigo Line,5,16:00-20:00,evening,1,71.21,71.86,128.18,71.86,1509.06,0.0152,own_history,12462.0,12084.0,84588.0,0.5232,"30% of local population in target age range (18_34); commuter index 0.52; matches requested daypart (evening); nearby entertainment_district, university, stadium_arena POI(s) relevant to campaign",COR::LH-RT-M010,high,"Evening riders are in dense mixed areas with shopping, office, museum, stadium, and hospital activity; this screen is in a medium-footfall hub zone.",museum; stadium_arena; office_park
campaign_2,conversion,LH-SCR-001163,vehicle,metro_rail_coach,,M,,vehicle-mounted (no fixed location),Downtown Core,Las Hackland,premium,Blue Line,5,16:00-20:00,evening,1,72.96,73.84,131.33,73.84,1550.64,0.0201,own_history,12905.0,12045.0,84317.0,0.5534,"34% of local population in target age range (18_34); commuter index 0.52; matches requested daypart (evening); nearby entertainment_district, university POI(s) relevant to campaign",COR::LH-RT-M001,high,"Evening riders are in dense mixed areas with shopping, hotel, entertainment, museum, and government activity; this screen is in a medium-footfall hub zone.",shopping_mall; hotel_convention; entertainment_district
campaign_2,conversion,LH-SCR-001283,vehicle,metro_rail_coach,,M,,vehicle-mounted (no fixed location),Harborfront,Las Hackland,premium,Red Line,5,16:00-20:00,evening,1,71.47,72.26,128.65,72.26,1517.46,0.0185,own_history,12463.0,11929.0,83501.0,0.659,"29% of local population in target age range (18_34); commuter index 0.51; matches requested daypart (evening); nearby entertainment_district, university POI(s) relevant to campaign",COR::LH-RT-M003,high,"Evening riders are in dense mixed areas with entertainment, university, shopping, residential, and hospital activity; this screen is in a medium-footfall hub zone.",entertainment_district; university; residential_tower
campaign_2,conversion,DAT-SCR-001267,vehicle,metro_rail_coach,,M,,vehicle-mounted (no fixed location),Bellwood,DA Town,standard,Yellow Line,3,08:00-12:00,midday,1,45.35,46.28,81.63,46.28,971.88,0.0342,own_history,9840.0,9840.0,68879.0,0.4916,"32% of local population in target age range (18_34); commuter index 0.52; outside requested daypart(s) (evening, night, morning); nearby entertainment_district, university POI(s) relevant to campaign",COR::DAT-RT-M004,high,"Midday riders are mainly adults 18 to 54, with a sizeable 18 to 34 share, in a dense area with university, grocery, mall, and residential tower activity.",university; grocery_anchor; shopping_mall
campaign_2,conversion,DAT-SCR-001137,vehicle,metro_rail_coach,,M,,vehicle-mounted (no fixed location),Central Yard,DA Town,standard,Blue Line,5,16:00-20:00,evening,1,55.87,57.25,100.57,57.25,1202.25,0.0413,own_history,10280.0,9301.0,65106.0,0.5027,"30% of local population in target age range (18_34); commuter index 0.51; matches requested daypart (evening); nearby university, entertainment_district POI(s) relevant to campaign",COR::DAT-RT-M001,high,"Evening riders are in mixed areas with strong government, corporate, university, residential, and shopping activity; this screen is in a medium-footfall hub zone.",government_building; residential_tower; corporate_campus
campaign_2,conversion,DAT-SCR-001403,vehicle,metro_rail_coach,,M,,vehicle-mounted (no fixed location),Founders Square,DA Town,standard,Copper Line,3,08:00-12:00,midday,1,46.68,47.02,84.02,47.02,987.42,0.0122,own_history,8599.0,8225.0,57576.0,0.5104,"32% of local population in target age range (18_34); commuter index 0.50; outside requested daypart(s) (evening, night, morning); nearby university, entertainment_district POI(s) relevant to campaign",COR::DAT-RT-M009,high,"Midday riders are mainly adults 18 to 54, with a sizeable 18 to 34 share, in a dense area with university, grocery, mall, and office park activity.",entertainment_district; grocery_anchor; office_park
campaign_2,conversion,ACS-SCR-001145,vehicle,metro_rail_coach,,M,,vehicle-mounted (no fixed location),Sunridge Acres,Accordionshire,value,Green Line,5,16:00-20:00,evening,1,41.28,41.66,74.3,41.66,874.86,0.0154,own_history,7482.0,6983.0,48881.0,0.5107,"28% of local population in target age range (18_34); commuter index 0.51; matches requested daypart (evening); nearby entertainment_district, university POI(s) relevant to campaign",COR::ACS-RT-M002,high,"Evening riders are in mixed residential and commercial areas with shopping, grocery, university, and office activity; this screen is in a low-footfall hub zone.",grocery_anchor; shopping_mall; residential_tower
campaign_2,conversion,ACS-SCR-001180,vehicle,metro_rail_coach,,M,,vehicle-mounted (no fixed location),Greenhollow,Accordionshire,value,Yellow Line,5,16:00-20:00,evening,1,42.5,43.21,76.5,43.21,907.41,0.0277,own_history,7603.0,6803.0,47619.0,0.5297,"27% of local population in target age range (18_34); commuter index 0.51; matches requested daypart (evening); nearby university, entertainment_district, stadium_arena POI(s) relevant to campaign",COR::ACS-RT-M004,high,"Evening riders are in mixed residential and commercial areas with shopping, grocery, hospital, stadium, and entertainment activity; this screen is in a low-footfall hub zone.",grocery_anchor; shopping_mall; residential_tower
campaign_2,conversion,ACS-SCR-001156,vehicle,metro_rail_coach,,M,,vehicle-mounted (no fixed location),Cobblestone Village,Accordionshire,value,Red Line,3,08:00-12:00,midday,1,34.52,36.05,62.14,36.05,757.05,0.0737,own_history,6350.0,6350.0,44453.0,0.6004,"40% of local population in target age range (18_34); commuter index 0.50; outside requested daypart(s) (evening, night, morning); nearby entertainment_district, university, stadium_arena POI(s) relevant to campaign",COR::ACS-RT-M003,high,"Midday riders are mainly adults 18 to 54, with a strong share aged 18 to 34, in a dense area with university, grocery, mall, and stadium activity.",grocery_anchor; shopping_mall; university
campaign_3,frequency,LH-SCR-004536,fixed,metro_station,platform,S,Uptown Crescent Terminal,metro_station,Uptown Crescent,Las Hackland,premium,Red Line,5,16:00-20:00,evening,1,54.12,54.69,97.42,54.69,1093.8,0.0174,own_history,47286.0,47286.0,331002.0,0.6367,"85% of local population in target age range (18_34, 35_54); commuter index 0.52; matches requested daypart (evening); nearby shopping_mall POI(s) relevant to campaign",LOC::LH-LOC-0084,high,"Evening audience in Uptown Crescent is mostly 18-34, led by students, with nearby university, entertainment district, grocery anchor, and shopping mall.",university; entertainment_district; shopping_mall
campaign_3,frequency,LH-SCR-003202,fixed,metro_station,platform,S,Uptown Crescent Terminal,metro_station,Uptown Crescent,Las Hackland,premium,Blue Line,5,16:00-20:00,evening,1,54.93,56.33,98.87,56.33,1126.6,0.0426,own_history,49678.0,46367.0,324567.0,0.6524,"85% of local population in target age range (18_34, 35_54); commuter index 0.52; matches requested daypart (evening); nearby shopping_mall POI(s) relevant to campaign",LOC::LH-LOC-0004,high,"Evening audience in Uptown Crescent is mostly 18-34, led by students, with nearby entertainment district, university, shopping mall, and residential tower.",entertainment_district; university; residential_tower
campaign_3,frequency,LH-SCR-002699,fixed,metro_station,platform,S,Uptown Crescent Interchange,metro_station,Uptown Crescent,Las Hackland,premium,Red Line,3,08:00-12:00,midday,1,41.73,44.14,75.11,44.14,882.8,0.0964,own_history,45987.0,45987.0,321907.0,0.5685,"85% of local population in target age range (18_34, 35_54); commuter index 0.52; outside requested daypart(s) (evening); nearby shopping_mall POI(s) relevant to campaign",LOC::LH-LOC-0034,high,"Midday audience in Uptown Crescent is mostly 18 to 34, student-led, with nearby university, grocery, shopping, and residential places.",university; grocery_anchor; shopping_mall
campaign_3,frequency,LH-SCR-003019,fixed,metro_station,platform,S,Harborfront Terminal,metro_station,Harborfront,Las Hackland,premium,Blue Line,5,16:00-20:00,evening,1,66.26,67.52,119.27,67.52,1350.4,0.0318,own_history,48591.0,45352.0,317465.0,0.8081,"57% of local population in target age range (18_34, 35_54); commuter index 0.52; matches requested daypart (evening); nearby shopping_mall POI(s) relevant to campaign",LOC::LH-LOC-0062,high,"Evening audience in Harborfront is older mixed adults, with mixed occupation and nearby entertainment district, shopping mall, grocery anchor, and residential tower.",entertainment_district; shopping_mall; grocery_anchor
campaign_3,frequency,LH-SCR-002359,fixed,metro_station,platform,S,North Terminus Interchange,metro_station,North Terminus,Las Hackland,premium,Copper Line,5,16:00-20:00,evening,1,52.17,53.65,93.91,53.65,1073.0,0.0474,own_history,47705.0,43495.0,304465.0,0.6485,"48% of local population in target age range (18_34, 35_54); commuter index 0.51; matches requested daypart (evening); nearby shopping_mall POI(s) relevant to campaign",LOC::LH-LOC-0028,high,"Evening audience in North Terminus is older, with mixed occupation and nearby tourist landmark, entertainment district, shopping mall, and residential tower.",tourist_landmark; entertainment_district; shopping_mall
campaign_3,frequency,LH-SCR-002471,fixed,metro_station,platform,L,Market Quarter Interchange,metro_station,Market Quarter,Las Hackland,premium,Yellow Line,5,16:00-20:00,evening,1,62.2,62.22,111.96,62.22,1244.4,0.0006,own_history,42846.0,42846.0,299920.0,0.7908,"63% of local population in target age range (18_34, 35_54); commuter index 0.53; matches requested daypart (evening); nearby shopping_mall POI(s) relevant to campaign",LOC::LH-LOC-0089,high,"Evening audience in Market Quarter is mixed in age, with retail service work and nearby grocery anchor, entertainment district, shopping mall, and government building.",grocery_anchor; shopping_mall; entertainment_district
campaign_3,frequency,LH-SCR-002837,fixed,metro_station,platform,S,Uptown Crescent Interchange,metro_station,Uptown Crescent,Las Hackland,premium,Violet Line,3,08:00-12:00,midday,1,44.51,45.08,80.12,45.08,901.6,0.0212,own_history,44503.0,42349.0,296442.0,0.5534,"85% of local population in target age range (18_34, 35_54); commuter index 0.52; outside requested daypart(s) (evening); nearby shopping_mall POI(s) relevant to campaign",LOC::LH-LOC-0024,high,"Midday audience in Uptown Crescent is mostly 18 to 34, student-led, with nearby university, grocery, shopping, and entertainment places.",grocery_anchor; university; entertainment_district
campaign_3,frequency,LH-SCR-002619,fixed,metro_station,platform,S,Old Mill District Central,metro_station,Old Mill District,Las Hackland,premium,Green Line,5,16:00-20:00,evening,1,54.86,56.59,98.75,56.59,1131.8,0.0525,own_history,45812.0,41769.0,292385.0,0.6887,"53% of local population in target age range (18_34, 35_54); commuter index 0.52; matches requested daypart (evening); nearby shopping_mall POI(s) relevant to campaign",LOC::LH-LOC-0073,high,"Evening audience in Old Mill District is older, with blue collar work and nearby government building, shopping mall, hospital, and grocery anchor.",grocery_anchor; hospital; shopping_mall
campaign_3,frequency,DAT-SCR-001780,fixed,metro_station,platform,M,Founders Square Central,metro_station,Founders Square,DA Town,standard,Green Line,5,16:00-20:00,evening,1,47.42,47.51,85.36,47.51,950.2,0.003,own_history,36918.0,36918.0,258427.0,0.922,"64% of local population in target age range (18_34, 35_54); commuter index 0.54; matches requested daypart (evening); nearby shopping_mall POI(s) relevant to campaign",LOC::DAT-LOC-0059,high,"Evening audience in Founders Square is mixed in age, with retail service work and nearby shopping mall, entertainment district, government building, and grocery anchor.",shopping_mall; grocery_anchor; entertainment_district
campaign_3,frequency,DAT-SCR-002364,fixed,metro_station,platform,S,Union Flats Central,metro_station,Union Flats,DA Town,standard,Green Line,5,16:00-20:00,evening,1,55.28,56.17,99.5,56.17,1123.4,0.0269,own_history,39010.0,36843.0,257903.0,0.7765,"68% of local population in target age range (18_34, 35_54); commuter index 0.54; matches requested daypart (evening); nearby shopping_mall POI(s) relevant to campaign",LOC::DAT-LOC-0043,high,"Evening audience in Union Flats is mixed in age, with mixed occupation and nearby grocery anchor, shopping mall, office park, and tourist landmark.",grocery_anchor; shopping_mall; tourist_landmark
campaign_3,frequency,DAT-SCR-002819,fixed,metro_station,platform,S,Bellwood Terminal,metro_station,Bellwood,DA Town,standard,Yellow Line,3,08:00-12:00,midday,1,33.97,35.82,52.53,35.82,716.4,0.0909,own_history,37874.0,36071.0,252498.0,0.6583,"82% of local population in target age range (18_34, 35_54); commuter index 0.52; outside requested daypart(s) (evening); nearby shopping_mall POI(s) relevant to campaign",LOC::DAT-LOC-0004,high,"Midday audience in Bellwood is mostly 18 to 34, student-led, with nearby grocery, shopping, university, and entertainment places.",grocery_anchor; shopping_mall; university
campaign_3,frequency,DAT-SCR-002219,fixed,metro_station,platform,L,Bellwood Central,metro_station,Bellwood,DA Town,standard,Blue Line,5,16:00-20:00,evening,1,40.45,41.97,72.81,41.97,839.4,0.0627,own_history,39145.0,35381.0,247666.0,0.6148,"82% of local population in target age range (18_34, 35_54); commuter index 0.52; matches requested daypart (evening); no nearby POIs match requested type(s): shopping_mall",LOC::DAT-LOC-0034,high,"Evening audience in Bellwood is mostly 18-34, led by students, with nearby residential tower, entertainment district, grocery anchor, and university.",residential_tower; grocery_anchor; entertainment_district
campaign_3,frequency,DAT-SCR-001649,fixed,metro_station,platform,S,Union Flats Interchange,metro_station,Union Flats,DA Town,standard,Red Line,5,16:00-20:00,evening,1,55.68,58.48,100.22,58.48,1169.6,0.0837,own_history,36790.0,34746.0,243223.0,0.9208,"68% of local population in target age range (18_34, 35_54); commuter index 0.54; matches requested daypart (evening); nearby shopping_mall POI(s) relevant to campaign",LOC::DAT-LOC-0033,high,"Evening audience in Union Flats is mixed in age, with mixed occupation and nearby shopping mall, residential tower, grocery anchor, and entertainment district.",shopping_mall; residential_tower; grocery_anchor
campaign_3,frequency,DAT-SCR-002184,fixed,metro_station,platform,S,Milltown Interchange,metro_station,Milltown,DA Town,standard,Silver Line,5,16:00-20:00,evening,1,42.06,42.96,75.71,42.96,859.2,0.0358,own_history,36631.0,34105.0,238734.0,0.6775,"52% of local population in target age range (18_34, 35_54); commuter index 0.52; matches requested daypart (evening); nearby shopping_mall POI(s) relevant to campaign",LOC::DAT-LOC-0006,high,"Evening audience in Milltown is older, with blue collar work and nearby government building, shopping mall, hospital, and residential tower.",government_building; shopping_mall; hospital
campaign_3,frequency,DAT-SCR-001704,fixed,metro_station,platform,S,Bellwood Interchange,metro_station,Bellwood,DA Town,standard,Blue Line,3,08:00-12:00,midday,1,32.84,33.59,59.11,33.59,671.8,0.0382,own_history,37503.0,33897.0,237277.0,0.4948,"82% of local population in target age range (18_34, 35_54); commuter index 0.52; outside requested daypart(s) (evening); no nearby POIs match requested type(s): shopping_mall",LOC::DAT-LOC-0044,high,"Midday audience in Bellwood is mostly 18 to 34, student-led, with nearby university, grocery, residential, and entertainment places.",university; residential_tower; grocery_anchor
campaign_3,frequency,LH-SCR-004712,fixed,metro_station,platform,S,Riverside Junction Interchange,metro_station,Riverside Junction,Las Hackland,premium,Silver Line,5,16:00-20:00,evening,1,56.19,56.72,101.14,56.72,1134.4,0.0158,own_history,32898.0,31071.0,217494.0,0.9166,"70% of local population in target age range (18_34, 35_54); commuter index 0.52; matches requested daypart (evening); nearby shopping_mall POI(s) relevant to campaign",LOC::LH-LOC-0047,high,"Evening audience in Riverside Junction is mixed in age, with mixed occupation and nearby residential tower, shopping mall, and government building.",shopping_mall; residential_tower; government_building
campaign_3,frequency,DAT-SCR-003116,fixed,metro_station,platform,S,Kestrel Heights Central,metro_station,Kestrel Heights,DA Town,standard,Red Line,3,08:00-12:00,midday,1,39.0,39.66,70.2,39.66,793.2,0.0283,own_history,30547.0,28850.0,201953.0,0.7524,"53% of local population in target age range (18_34, 35_54); commuter index 0.54; outside requested daypart(s) (evening); nearby shopping_mall POI(s) relevant to campaign",LOC::DAT-LOC-0027,high,"Midday audience in Kestrel Heights is mixed-age, with a median age of 40.0, mixed occupation, and nearby shopping, hospital, government, and residential places.",shopping_mall; residential_tower; hospital
campaign_3,frequency,ACS-SCR-001662,fixed,metro_station,platform,S,Fallowfield Central,metro_station,Fallowfield,Accordionshire,value,Blue Line,5,16:00-20:00,evening,1,27.88,27.95,43.6,27.95,559.0,0.0042,own_history,28386.0,28386.0,198705.0,0.6769,"85% of local population in target age range (18_34, 35_54); commuter index 0.52; matches requested daypart (evening); nearby shopping_mall POI(s) relevant to campaign",LOC::ACS-LOC-0024,high,"Evening audience in Fallowfield is mostly 18-34, led by students, with nearby entertainment district, residential tower, grocery anchor, and shopping mall.",residential_tower; entertainment_district; grocery_anchor
campaign_3,frequency,ACS-SCR-001492,fixed,metro_station,platform,S,Fallowfield Interchange,metro_station,Fallowfield,Accordionshire,value,Red Line,3,08:00-12:00,midday,1,24.97,26.93,44.95,26.93,538.6,0.131,own_history,26900.0,26900.0,188298.0,0.5334,"85% of local population in target age range (18_34, 35_54); commuter index 0.51; outside requested daypart(s) (evening); nearby shopping_mall POI(s) relevant to campaign",LOC::ACS-LOC-0004,high,"Midday audience in Fallowfield is mostly 18 to 34, student-led, with nearby grocery, stadium, university, shopping, and residential places.",grocery_anchor; stadium_arena; shopping_mall
campaign_3,frequency,DAT-SCR-002975,fixed,metro_station,platform,S,Northbank Central,metro_station,Northbank,DA Town,standard,Violet Line,3,08:00-12:00,midday,1,29.09,31.43,52.36,31.43,628.6,0.134,own_history,26992.0,25063.0,175444.0,0.7382,"52% of local population in target age range (18_34, 35_54); commuter index 0.51; outside requested daypart(s) (evening); nearby shopping_mall POI(s) relevant to campaign",LOC::DAT-LOC-0020,high,"Midday audience in Northbank is mixed-age, with a median age of 40.8, mixed occupation, and nearby shopping, university, tourist, and grocery places.",shopping_mall; tourist_landmark; university
campaign_3,frequency,ACS-SCR-001276,fixed,metro_station,platform,M,Windmere Park Central,metro_station,Windmere Park,Accordionshire,value,Green Line,3,08:00-12:00,midday,1,23.15,23.17,41.67,23.17,463.4,0.0011,own_history,28937.0,24485.0,171393.0,0.5004,"56% of local population in target age range (18_34, 35_54); commuter index 0.51; outside requested daypart(s) (evening); nearby shopping_mall POI(s) relevant to campaign",LOC::ACS-LOC-0002,high,"Midday audience in Windmere Park is mixed-age, with a median age of 43.1, blue-collar occupation, and nearby grocery, residential, shopping, and entertainment places.",grocery_anchor; residential_tower; entertainment_district
campaign_3,frequency,DAT-SCR-002131,fixed,metro_station,platform,S,Ashford Row Interchange,metro_station,Ashford Row,DA Town,standard,Green Line,5,16:00-20:00,evening,1,44.82,45.37,80.68,45.37,907.4,0.0203,own_history,25800.0,24367.0,170568.0,0.8927,"56% of local population in target age range (18_34, 35_54); commuter index 0.54; matches requested daypart (evening); nearby shopping_mall POI(s) relevant to campaign",LOC::DAT-LOC-0012,high,"Evening audience in Ashford Row is older mixed adults, with mixed occupation and nearby shopping mall, office park, and residential tower.",shopping_mall; office_park; residential_tower
campaign_3,frequency,DAT-SCR-002624,fixed,metro_station,platform,S,Milltown Central,metro_station,Milltown,DA Town,standard,Green Line,5,16:00-20:00,evening,1,41.2,42.86,74.16,42.86,857.2,0.067,own_history,25701.0,24274.0,169916.0,0.8667,"52% of local population in target age range (18_34, 35_54); commuter index 0.54; matches requested daypart (evening); nearby shopping_mall POI(s) relevant to campaign",LOC::DAT-LOC-0016,high,"Evening audience in Milltown is older, with blue collar work and nearby shopping mall, residential tower, and government building.",shopping_mall; residential_tower; government_building
campaign_3,frequency,ACS-SCR-001303,fixed,metro_station,platform,S,Greenhollow Terminal,metro_station,Greenhollow,Accordionshire,value,Green Line,5,16:00-20:00,evening,1,41.92,41.97,41.97,41.97,839.4,0.1558,own_history,27814.0,23535.0,164744.0,0.8675,"53% of local population in target age range (18_34, 35_54); commuter index 0.51; matches requested daypart (evening); nearby shopping_mall POI(s) relevant to campaign",LOC::ACS-LOC-0026,high,"Evening audience in Greenhollow is older, with a median age of 47.1, mixed occupation, and nearby shopping mall, residential tower, university, and grocery anchor.",shopping_mall; grocery_anchor; residential_tower
campaign_4,conversion,LH-SCR-003222,fixed,metro_station,platform,S,Uptown Crescent Terminal,metro_station,Uptown Crescent,Las Hackland,premium,Blue Line,3,08:00-12:00,midday,1,46.61,49.34,72.1,49.34,740.1,0.0976,own_history,45017.0,45017.0,315119.0,0.8832,"85% of local population in target age range (18_34, 35_54); commuter index 0.52; matches requested daypart (midday); nearby entertainment_district POI(s) relevant to campaign",LOC::LH-LOC-0004,high,"Midday audience in Uptown Crescent with high footfall, centered on entertainment, university, residential tower, and shopping mall sites; median age 28.1 and students dominate.",entertainment_district; residential_tower; university
campaign_4,conversion,LH-SCR-002837,fixed,metro_station,platform,S,Uptown Crescent Interchange,metro_station,Uptown Crescent,Las Hackland,premium,Violet Line,3,08:00-12:00,midday,1,44.51,45.08,80.12,45.08,676.2,0.0212,own_history,44503.0,44503.0,311519.0,0.9157,"85% of local population in target age range (18_34, 35_54); commuter index 0.52; matches requested daypart (midday); nearby grocery_anchor, entertainment_district POI(s) relevant to campaign",LOC::LH-LOC-0024,high,"Midday audience in Uptown Crescent is mostly 18 to 34, student-led, with nearby university, grocery, shopping, and entertainment places.",grocery_anchor; university; entertainment_district
campaign_4,conversion,LH-SCR-002699,fixed,metro_station,platform,S,Uptown Crescent Interchange,metro_station,Uptown Crescent,Las Hackland,premium,Red Line,3,08:00-12:00,midday,1,41.73,44.14,75.11,44.14,662.1,0.0964,own_history,45987.0,42922.0,300452.0,0.8062,"85% of local population in target age range (18_34, 35_54); commuter index 0.52; matches requested daypart (midday); nearby grocery_anchor POI(s) relevant to campaign",LOC::LH-LOC-0034,high,"Midday audience in Uptown Crescent is mostly 18 to 34, student-led, with nearby university, grocery, shopping, and residential places.",university; grocery_anchor; shopping_mall
campaign_4,conversion,LH-SCR-005502,fixed,metro_station,platform,S,Old Mill District Central,metro_station,Old Mill District,Las Hackland,premium,Yellow Line,3,08:00-12:00,midday,1,45.22,46.22,81.4,46.22,693.3,0.037,own_history,41676.0,41676.0,291730.0,0.8043,"53% of local population in target age range (18_34, 35_54); commuter index 0.52; matches requested daypart (midday); nearby grocery_anchor POI(s) relevant to campaign",LOC::LH-LOC-0023,high,"Midday audience near a hospital, government building, grocery anchor, and residential tower; blue-collar dominated, with high footfall and area averages used.",grocery_anchor; hospital; government_building
campaign_4,conversion,LH-SCR-004542,fixed,metro_station,platform,S,Uptown Crescent Terminal,metro_station,Uptown Crescent,Las Hackland,premium,Red Line,3,08:00-12:00,midday,1,47.54,48.06,85.57,48.06,720.9,0.0182,own_history,43683.0,40771.0,285399.0,0.8575,"85% of local population in target age range (18_34, 35_54); commuter index 0.52; matches requested daypart (midday); nearby entertainment_district, grocery_anchor POI(s) relevant to campaign",LOC::LH-LOC-0084,high,"Midday audience in Uptown Crescent with high footfall, centered on university, entertainment, grocery, and shopping mall sites; median age 28.1 and students dominate.",university; entertainment_district; grocery_anchor
campaign_4,conversion,LH-SCR-002375,fixed,metro_station,platform,S,North Terminus Interchange,metro_station,North Terminus,Las Hackland,premium,Copper Line,3,08:00-12:00,midday,1,43.81,44.49,78.86,44.49,667.35,0.0257,own_history,40574.0,36994.0,258956.0,0.7072,"48% of local population in target age range (18_34, 35_54); commuter index 0.51; matches requested daypart (midday); nearby entertainment_district POI(s) relevant to campaign",LOC::LH-LOC-0028,high,"Midday audience near a tourist landmark, shopping mall, entertainment district, and residential tower; older than average, with mixed occupations and high footfall.",tourist_landmark; entertainment_district; shopping_mall
campaign_4,conversion,LH-SCR-003640,fixed,metro_station,platform,S,Harborfront Interchange,metro_station,Harborfront,Las Hackland,premium,Green Line,3,08:00-12:00,midday,1,51.77,52.75,93.19,52.75,791.25,0.0317,own_history,40394.0,36830.0,257808.0,0.8958,"57% of local population in target age range (18_34, 35_54); commuter index 0.52; matches requested daypart (midday); nearby entertainment_district POI(s) relevant to campaign",LOC::LH-LOC-0052,high,"Midday audience in Harborfront with high footfall, centered on entertainment, residential tower, shopping mall, and university sites; median age 44.7 and mixed occupations are common.",entertainment_district; residential_tower; shopping_mall
campaign_4,conversion,LH-SCR-005373,fixed,metro_station,platform,S,East Commons Terminal,metro_station,East Commons,Las Hackland,premium,Teal Line,3,08:00-12:00,midday,1,48.18,50.85,86.72,50.85,762.75,0.0923,own_history,39484.0,36080.0,252561.0,0.9014,"58% of local population in target age range (18_34, 35_54); commuter index 0.53; matches requested daypart (midday); nearby entertainment_district, grocery_anchor, office_park POI(s) relevant to campaign",LOC::LH-LOC-0090,high,"Midday audience near a hospital, entertainment district, grocery anchor, and office park; mixed occupations, with high footfall and area averages used.",grocery_anchor; hospital; entertainment_district
campaign_4,conversion,LH-SCR-005279,fixed,metro_station,platform,S,Market Quarter Central,metro_station,Market Quarter,Las Hackland,premium,Silver Line,3,08:00-12:00,midday,1,46.66,47.81,83.99,47.81,717.15,0.0411,own_history,37898.0,35793.0,250550.0,0.8746,"63% of local population in target age range (18_34, 35_54); commuter index 0.53; matches requested daypart (midday); nearby grocery_anchor POI(s) relevant to campaign",LOC::LH-LOC-0019,high,"Midday audience near residential tower, grocery anchor, shopping mall, and government building; younger than average, retail service dominated, with high footfall.",grocery_anchor; residential_tower; shopping_mall
campaign_4,conversion,LH-SCR-002639,fixed,metro_station,platform,S,Old Mill District Central,metro_station,Old Mill District,Las Hackland,premium,Green Line,3,08:00-12:00,midday,1,42.65,44.06,76.77,44.06,660.9,0.0551,own_history,38384.0,34996.0,244975.0,0.8467,"53% of local population in target age range (18_34, 35_54); commuter index 0.52; matches requested daypart (midday); nearby grocery_anchor POI(s) relevant to campaign",LOC::LH-LOC-0073,high,"Midday audience near a grocery anchor, hospital, shopping mall, and government building; blue-collar dominated, with high footfall and area averages used.",grocery_anchor; hospital; shopping_mall
campaign_4,conversion,LH-SCR-004449,fixed,metro_station,platform,S,Old Mill District Terminal,metro_station,Old Mill District,Las Hackland,premium,Blue Line,3,08:00-12:00,midday,1,47.52,48.49,85.54,48.49,727.35,0.0339,own_history,36814.0,34360.0,240520.0,0.8702,"53% of local population in target age range (18_34, 35_54); commuter index 0.52; matches requested daypart (midday); nearby entertainment_district POI(s) relevant to campaign",LOC::LH-LOC-0043,high,"Midday audience in Old Mill District with high footfall, centered on entertainment, government, hospital, and residential tower sites; median age 43.3 and blue-collar workers dominate.",entertainment_district; government_building; hospital
campaign_4,conversion,LH-SCR-002489,fixed,metro_station,platform,S,Market Quarter Interchange,metro_station,Market Quarter,Las Hackland,premium,Yellow Line,3,08:00-12:00,midday,1,48.98,49.56,88.16,49.56,743.4,0.0196,own_history,34485.0,32703.0,228918.0,0.9181,"63% of local population in target age range (18_34, 35_54); commuter index 0.53; matches requested daypart (midday); nearby grocery_anchor, entertainment_district POI(s) relevant to campaign",LOC::LH-LOC-0089,high,"Midday audience in Market Quarter with high footfall, centered on grocery, shopping, entertainment, and government sites; median age 34.7 and retail service workers are dominant.",grocery_anchor; entertainment_district; shopping_mall
campaign_5,conversion,LH-SCR-002359,fixed,metro_station,platform,S,North Terminus Interchange,metro_station,North Terminus,Las Hackland,premium,Copper Line,5,16:00-20:00,evening,1,52.17,53.65,93.91,53.65,2146.0,0.0474,own_history,47705.0,46114.0,322798.0,0.8533,"76% of local population in target age range (18_34, 35_54, 55_plus); commuter index 0.51; nearby tourist_landmark POI(s) relevant to campaign",LOC::LH-LOC-0028,high,"Evening audience in North Terminus is older, with mixed occupation and nearby tourist landmark, entertainment district, shopping mall, and residential tower.",tourist_landmark; entertainment_district; shopping_mall
campaign_5,conversion,LH-SCR-003593,fixed,metro_station,platform,S,Harborfront Terminal,metro_station,Harborfront,Las Hackland,premium,Green Line,5,16:00-20:00,evening,1,62.04,63.48,111.67,63.48,2539.2,0.0388,own_history,47342.0,45763.0,320343.0,0.8551,"86% of local population in target age range (18_34, 35_54, 55_plus); commuter index 0.52; nearby tourist_landmark, office_park POI(s) relevant to campaign",LOC::LH-LOC-0082,high,"Evening audience in Harborfront is mixed-age, with a median age of 44.7, high footfall, and nearby office, grocery, entertainment, and tourist activity.",office_park; grocery_anchor; tourist_landmark
campaign_5,conversion,LH-SCR-004282,fixed,metro_station,platform,S,Riverside Junction Central,metro_station,Riverside Junction,Las Hackland,premium,Yellow Line,5,16:00-20:00,evening,1,67.42,68.53,121.36,68.53,2741.2,0.0275,own_history,45678.0,44251.0,309756.0,0.8533,"87% of local population in target age range (18_34, 35_54, 55_plus); commuter index 0.51; nearby office_park POI(s) relevant to campaign",LOC::LH-LOC-0037,high,"Evening audience in Riverside Junction is younger, with a median age of 34.3, high density, and nearby office, shopping, grocery, and entertainment activity.",office_park; shopping_mall; entertainment_district
campaign_5,conversion,LH-SCR-004595,fixed,metro_station,platform,S,Riverside Junction Terminal,metro_station,Riverside Junction,Las Hackland,premium,Copper Line,5,16:00-20:00,evening,1,57.16,58.43,102.89,58.43,2337.2,0.0369,own_history,45582.0,44062.0,308433.0,0.7829,"87% of local population in target age range (18_34, 35_54, 55_plus); commuter index 0.53; nearby tourist_landmark POI(s) relevant to campaign",LOC::LH-LOC-0027,high,"Evening audience in Riverside Junction is younger, with a median age of 34.3, high density, and nearby hospital, tourist, entertainment, and grocery activity.",hospital; tourist_landmark; entertainment_district
campaign_5,conversion,LH-SCR-002514,fixed,metro_station,platform,S,North Terminus Central,metro_station,North Terminus,Las Hackland,premium,Green Line,5,16:00-20:00,evening,1,57.2,58.86,102.96,58.86,2354.4,0.0485,own_history,45181.0,43674.0,305717.0,0.7962,"76% of local population in target age range (18_34, 35_54, 55_plus); commuter index 0.52; nearby office_park, tourist_landmark POI(s) relevant to campaign",LOC::LH-LOC-0088,high,"Evening audience in North Terminus is mixed-age, with a median age of 47.1, moderate commuter flow, and nearby shopping, office, residential, and tourist activity.",office_park; residential_tower; shopping_mall
campaign_5,conversion,LH-SCR-002837,fixed,metro_station,platform,S,Uptown Crescent Interchange,metro_station,Uptown Crescent,Las Hackland,premium,Violet Line,3,08:00-12:00,midday,1,44.51,45.08,80.12,45.08,1803.2,0.0212,own_history,44503.0,43019.0,301130.0,0.5557,"91% of local population in target age range (18_34, 35_54, 55_plus); commuter index 0.52; no nearby POIs match requested type(s): office_park, hotel_convention, tourist_landmark",LOC::LH-LOC-0024,high,"Midday audience in Uptown Crescent is mostly 18 to 34, student-led, with nearby university, grocery, shopping, and entertainment places.",grocery_anchor; university; entertainment_district
campaign_5,conversion,LH-SCR-003799,fixed,metro_station,platform,S,North Terminus Interchange,metro_station,North Terminus,Las Hackland,premium,Blue Line,3,08:00-12:00,midday,1,46.26,47.09,83.27,47.09,1883.6,0.0299,own_history,42472.0,42472.0,297301.0,0.8569,"76% of local population in target age range (18_34, 35_54, 55_plus); commuter index 0.52; nearby office_park, tourist_landmark POI(s) relevant to campaign",LOC::LH-LOC-0068,high,"Midday audience near residential tower, tourist landmark, office park, and hospital; older than average, with mixed occupations and high footfall.",tourist_landmark; residential_tower; office_park
campaign_5,conversion,LH-SCR-003222,fixed,metro_station,platform,S,Uptown Crescent Terminal,metro_station,Uptown Crescent,Las Hackland,premium,Blue Line,3,08:00-12:00,midday,1,46.61,49.34,72.1,49.34,1973.6,0.0976,own_history,45017.0,42017.0,294116.0,0.5569,"91% of local population in target age range (18_34, 35_54, 55_plus); commuter index 0.52; no nearby POIs match requested type(s): office_park, hotel_convention, tourist_landmark",LOC::LH-LOC-0004,high,"Midday audience in Uptown Crescent with high footfall, centered on entertainment, university, residential tower, and shopping mall sites; median age 28.1 and students dominate.",entertainment_district; residential_tower; university
campaign_5,conversion,LH-SCR-003815,fixed,metro_station,platform,S,Downtown Core Central,metro_station,Downtown Core,Las Hackland,premium,Blue Line,3,08:00-12:00,midday,1,69.17,74.51,124.51,74.51,2980.4,0.1286,own_history,44954.0,41958.0,293706.0,0.8569,"93% of local population in target age range (18_34, 35_54, 55_plus); commuter index 0.52; nearby hotel_convention, office_park POI(s) relevant to campaign",LOC::LH-LOC-0031,high,"Midday at Downtown Core, this screen reaches a dense, high-footfall audience with a median age of 32.6, mostly white-collar, and 64.9% bachelor’s or higher.",hotel_convention; corporate_campus; grocery_anchor
campaign_5,conversion,LH-SCR-002699,fixed,metro_station,platform,S,Uptown Crescent Interchange,metro_station,Uptown Crescent,Las Hackland,premium,Red Line,3,08:00-12:00,midday,1,41.73,44.14,75.11,44.14,1765.6,0.0964,own_history,45987.0,41928.0,293498.0,0.5566,"91% of local population in target age range (18_34, 35_54, 55_plus); commuter index 0.52; no nearby POIs match requested type(s): office_park, hotel_convention, tourist_landmark",LOC::LH-LOC-0034,high,"Midday audience in Uptown Crescent is mostly 18 to 34, student-led, with nearby university, grocery, shopping, and residential places.",university; grocery_anchor; shopping_mall
campaign_5,conversion,LH-SCR-005502,fixed,metro_station,platform,S,Old Mill District Central,metro_station,Old Mill District,Las Hackland,premium,Yellow Line,3,08:00-12:00,midday,1,45.22,46.22,81.4,46.22,1848.8,0.037,own_history,41676.0,40373.0,282613.0,0.5557,"77% of local population in target age range (18_34, 35_54, 55_plus); commuter index 0.52; no nearby POIs match requested type(s): office_park, hotel_convention, tourist_landmark",LOC::LH-LOC-0023,high,"Midday audience near a hospital, government building, grocery anchor, and residential tower; blue-collar dominated, with high footfall and area averages used.",grocery_anchor; hospital; government_building
campaign_5,conversion,LH-SCR-004542,fixed,metro_station,platform,S,Uptown Crescent Terminal,metro_station,Uptown Crescent,Las Hackland,premium,Red Line,3,08:00-12:00,midday,1,47.54,48.06,85.57,48.06,1922.4,0.0182,own_history,43683.0,39828.0,278795.0,0.5566,"91% of local population in target age range (18_34, 35_54, 55_plus); commuter index 0.52; no nearby POIs match requested type(s): office_park, hotel_convention, tourist_landmark",LOC::LH-LOC-0084,high,"Midday audience in Uptown Crescent with high footfall, centered on university, entertainment, grocery, and shopping mall sites; median age 28.1 and students dominate.",university; entertainment_district; grocery_anchor
campaign_5,conversion,LH-SCR-005033,fixed,metro_station,platform,S,Harborfront Central,metro_station,Harborfront,Las Hackland,premium,Green Line,3,08:00-12:00,midday,1,54.06,57.52,97.31,57.52,2300.8,0.1066,own_history,41104.0,39733.0,278134.0,0.7703,"86% of local population in target age range (18_34, 35_54, 55_plus); commuter index 0.52; nearby office_park POI(s) relevant to campaign",LOC::LH-LOC-0092,high,"Midday audience near a hospital, grocery anchor, office park, and residential tower; higher income, more educated, with mixed occupations and high footfall.",office_park; grocery_anchor; hospital
campaign_5,conversion,LH-SCR-002639,fixed,metro_station,platform,S,Old Mill District Central,metro_station,Old Mill District,Las Hackland,premium,Green Line,3,08:00-12:00,midday,1,42.65,44.06,76.77,44.06,1762.4,0.0551,own_history,38384.0,34996.0,244975.0,0.5566,"77% of local population in target age range (18_34, 35_54, 55_plus); commuter index 0.52; no nearby POIs match requested type(s): office_park, hotel_convention, tourist_landmark",LOC::LH-LOC-0073,high,"Midday audience near a grocery anchor, hospital, shopping mall, and government building; blue-collar dominated, with high footfall and area averages used.",grocery_anchor; hospital; shopping_mall
campaign_5,conversion,LH-SCR-004265,fixed,metro_station,platform,S,North Terminus Terminal,metro_station,North Terminus,Las Hackland,premium,Teal Line,3,08:00-12:00,midday,1,49.48,50.55,89.06,50.55,2022.0,0.0362,own_history,36477.0,33333.0,233328.0,0.7313,"76% of local population in target age range (18_34, 35_54, 55_plus); commuter index 0.53; nearby tourist_landmark POI(s) relevant to campaign",LOC::LH-LOC-0018,high,"Midday at North Terminus, this screen reaches a high-footfall audience with a median age of 47.1, mixed occupations, and nearby entertainment, tourism, shopping, and government activity.",entertainment_district; tourist_landmark; government_building
campaign_5,conversion,LH-SCR-002880,fixed,metro_station,platform,L,North Terminus Terminal,metro_station,North Terminus,Las Hackland,premium,Violet Line,3,08:00-12:00,midday,1,48.96,48.97,88.13,48.97,1958.8,0.0003,own_history,28197.0,26832.0,187824.0,0.8542,"76% of local population in target age range (18_34, 35_54, 55_plus); commuter index 0.51; nearby office_park POI(s) relevant to campaign",LOC::LH-LOC-0058,high,"Midday audience near an office park, entertainment district, hospital, and tourist landmark; older than average, with mixed occupations and high footfall.",office_park; entertainment_district; hospital
campaign_6,awareness,LH-SCR-002699,fixed,metro_station,platform,S,Uptown Crescent Interchange,metro_station,Uptown Crescent,Las Hackland,premium,Red Line,3,08:00-12:00,midday,1,41.73,44.14,75.11,44.14,1103.5,0.0964,own_history,45987.0,45987.0,321907.0,0.6285,66% of local population in target age range (18_34); commuter index 0.52; nearby shopping_mall POI(s) relevant to campaign,LOC::LH-LOC-0034,high,"Midday audience in Uptown Crescent is mostly 18 to 34, student-led, with nearby university, grocery, shopping, and residential places.",university; grocery_anchor; shopping_mall
campaign_6,awareness,LH-SCR-004282,fixed,metro_station,platform,S,Riverside Junction Central,metro_station,Riverside Junction,Las Hackland,premium,Yellow Line,5,16:00-20:00,evening,1,67.42,68.53,121.36,68.53,1713.25,0.0275,own_history,45678.0,45678.0,319749.0,0.7093,"38% of local population in target age range (18_34); commuter index 0.51; nearby shopping_mall, office_park POI(s) relevant to campaign",LOC::LH-LOC-0037,high,"Evening audience in Riverside Junction is younger, with a median age of 34.3, high density, and nearby office, shopping, grocery, and entertainment activity.",office_park; shopping_mall; entertainment_district
campaign_6,awareness,LH-SCR-002837,fixed,metro_station,platform,S,Uptown Crescent Interchange,metro_station,Uptown Crescent,Las Hackland,premium,Violet Line,3,08:00-12:00,midday,1,44.51,45.08,80.12,45.08,1127.0,0.0212,own_history,44503.0,42349.0,296442.0,0.6134,66% of local population in target age range (18_34); commuter index 0.52; nearby shopping_mall POI(s) relevant to campaign,LOC::LH-LOC-0024,high,"Midday audience in Uptown Crescent is mostly 18 to 34, student-led, with nearby university, grocery, shopping, and entertainment places.",grocery_anchor; university; entertainment_district
campaign_6,awareness,LH-SCR-003222,fixed,metro_station,platform,S,Uptown Crescent Terminal,metro_station,Uptown Crescent,Las Hackland,premium,Blue Line,3,08:00-12:00,midday,1,46.61,49.34,72.1,49.34,1233.5,0.0976,own_history,45017.0,42017.0,294116.0,0.6039,66% of local population in target age range (18_34); commuter index 0.52; nearby shopping_mall POI(s) relevant to campaign,LOC::LH-LOC-0004,high,"Midday audience in Uptown Crescent with high footfall, centered on entertainment, university, residential tower, and shopping mall sites; median age 28.1 and students dominate.",entertainment_district; residential_tower; university
campaign_6,awareness,LH-SCR-004542,fixed,metro_station,platform,S,Uptown Crescent Terminal,metro_station,Uptown Crescent,Las Hackland,premium,Red Line,3,08:00-12:00,midday,1,47.54,48.06,85.57,48.06,1201.5,0.0182,own_history,43683.0,40771.0,285399.0,0.58,66% of local population in target age range (18_34); commuter index 0.52; nearby shopping_mall POI(s) relevant to campaign,LOC::LH-LOC-0084,high,"Midday audience in Uptown Crescent with high footfall, centered on university, entertainment, grocery, and shopping mall sites; median age 28.1 and students dominate.",university; entertainment_district; grocery_anchor
campaign_6,awareness,DAT-SCR-002819,fixed,metro_station,platform,S,Bellwood Terminal,metro_station,Bellwood,DA Town,standard,Yellow Line,3,08:00-12:00,midday,1,33.97,35.82,52.53,35.82,895.5,0.0909,own_history,37874.0,37874.0,265118.0,0.7183,65% of local population in target age range (18_34); commuter index 0.52; nearby shopping_mall POI(s) relevant to campaign,LOC::DAT-LOC-0004,high,"Midday audience in Bellwood is mostly 18 to 34, student-led, with nearby grocery, shopping, university, and entertainment places.",grocery_anchor; shopping_mall; university
campaign_6,awareness,DAT-SCR-002232,fixed,metro_station,platform,S,Bellwood Central,metro_station,Bellwood,DA Town,standard,Blue Line,3,08:00-12:00,midday,1,33.91,35.77,61.04,35.77,894.25,0.0913,own_history,39943.0,36139.0,252970.0,0.5548,"65% of local population in target age range (18_34); commuter index 0.52; no nearby POIs match requested type(s): shopping_mall, office_park",LOC::DAT-LOC-0034,high,"Midday audience in Bellwood is mostly students, with a median age of 23.9 and 64.8% aged 18-34; grocery, residential tower, and university activity is strong.",residential_tower; grocery_anchor; university
campaign_6,awareness,DAT-SCR-003030,fixed,metro_station,platform,S,Central Yard Central,metro_station,Central Yard,DA Town,standard,Blue Line,3,08:00-12:00,midday,1,58.41,59.44,105.14,59.44,1486.0,0.0293,own_history,39699.0,35882.0,251173.0,0.7008,"37% of local population in target age range (18_34); commuter index 0.52; nearby office_park, shopping_mall POI(s) relevant to campaign",LOC::DAT-LOC-0031,high,"Midday audience in Central Yard is mainly white_collar, with a median age of 32.7 and 38.9% aged 35-54; shopping, university, and grocery activity is strong.",shopping_mall; museum; grocery_anchor
campaign_6,awareness,DAT-SCR-001649,fixed,metro_station,platform,S,Union Flats Interchange,metro_station,Union Flats,DA Town,standard,Red Line,5,16:00-20:00,evening,1,55.68,58.48,100.22,58.48,1462.0,0.0837,own_history,36790.0,34746.0,243223.0,0.7135,38% of local population in target age range (18_34); commuter index 0.54; nearby shopping_mall POI(s) relevant to campaign,LOC::DAT-LOC-0033,high,"Evening audience in Union Flats is mixed in age, with mixed occupation and nearby shopping mall, residential tower, grocery anchor, and entertainment district.",shopping_mall; residential_tower; grocery_anchor
campaign_6,awareness,DAT-SCR-001704,fixed,metro_station,platform,S,Bellwood Interchange,metro_station,Bellwood,DA Town,standard,Blue Line,3,08:00-12:00,midday,1,32.84,33.59,59.11,33.59,839.75,0.0382,own_history,37503.0,33930.0,237513.0,0.5548,"65% of local population in target age range (18_34); commuter index 0.52; no nearby POIs match requested type(s): shopping_mall, office_park",LOC::DAT-LOC-0044,high,"Midday audience in Bellwood is mostly 18 to 34, student-led, with nearby university, grocery, residential, and entertainment places.",university; residential_tower; grocery_anchor
campaign_6,awareness,DAT-SCR-003049,fixed,metro_station,platform,S,Union Flats Interchange,metro_station,Union Flats,DA Town,standard,Red Line,3,08:00-12:00,midday,1,44.22,45.17,79.6,45.17,1129.25,0.0359,own_history,33752.0,31877.0,223137.0,0.7135,"38% of local population in target age range (18_34); commuter index 0.54; nearby office_park, shopping_mall POI(s) relevant to campaign",LOC::DAT-LOC-0003,high,"Midday audience in Union Flats is mixed, with a median age of 38.8 and 37.9% aged 18-34; office park, grocery, and government building activity is strong.",office_park; grocery_anchor; government_building
campaign_6,awareness,DAT-SCR-001772,fixed,metro_station,platform,S,Founders Square Central,metro_station,Founders Square,DA Town,standard,Green Line,3,08:00-12:00,midday,1,33.23,33.93,59.81,33.93,848.25,0.0351,own_history,31033.0,29556.0,206892.0,0.6151,29% of local population in target age range (18_34); commuter index 0.54; nearby shopping_mall POI(s) relevant to campaign,LOC::DAT-LOC-0059,high,"Midday audience in Founders Square is mainly retail_service, with a median age of 40.3 and 35.0% aged 35-54; shopping, grocery, and government building activity is strong.",shopping_mall; grocery_anchor; government_building
campaign_6,awareness,LH-SCR-003976,fixed,metro_station,platform,S,Uptown Crescent Central,metro_station,Uptown Crescent,Las Hackland,premium,Silver Line,3,08:00-12:00,midday,1,45.96,47.42,82.73,47.42,1185.5,0.053,own_history,30742.0,29034.0,203241.0,0.7279,66% of local population in target age range (18_34); commuter index 0.52; nearby shopping_mall POI(s) relevant to campaign,LOC::LH-LOC-0064,high,"Midday audience in Uptown Crescent is mostly students, with a median age of 28.1 and 65.8% aged 18-34; shopping, university, and grocery activity is strong.",university; grocery_anchor; shopping_mall
campaign_6,awareness,ACS-SCR-001662,fixed,metro_station,platform,S,Fallowfield Central,metro_station,Fallowfield,Accordionshire,value,Blue Line,3,08:00-12:00,midday,1,24.15,24.21,43.47,24.21,605.25,0.0042,own_history,28913.0,28913.0,202392.0,0.6124,66% of local population in target age range (18_34); commuter index 0.52; nearby shopping_mall POI(s) relevant to campaign,LOC::ACS-LOC-0024,high,"Midday audience in Fallowfield is mostly students, with a median age of 28 and 65.6% aged 18-34; grocery, entertainment, and residential tower activity is strong.",residential_tower; entertainment_district; grocery_anchor
campaign_6,awareness,ACS-SCR-001496,fixed,metro_station,platform,S,Fallowfield Interchange,metro_station,Fallowfield,Accordionshire,value,Red Line,3,08:00-12:00,midday,1,24.97,26.93,44.95,26.93,673.25,0.131,own_history,26900.0,26900.0,188298.0,0.5934,66% of local population in target age range (18_34); commuter index 0.51; nearby shopping_mall POI(s) relevant to campaign,LOC::ACS-LOC-0004,high,"Midday audience in Fallowfield is mostly students, with a median age of 28 and 65.6% aged 18-34; grocery, stadium, and university activity is strong.",grocery_anchor; stadium_arena; shopping_mall
campaign_6,awareness,DAT-SCR-002975,fixed,metro_station,platform,S,Northbank Central,metro_station,Northbank,DA Town,standard,Violet Line,3,08:00-12:00,midday,1,29.09,31.43,52.36,31.43,785.75,0.134,own_history,26992.0,24397.0,170777.0,0.5629,16% of local population in target age range (18_34); commuter index 0.51; nearby shopping_mall POI(s) relevant to campaign,LOC::DAT-LOC-0020,high,"Midday audience in Northbank is mixed-age, with a median age of 40.8, mixed occupation, and nearby shopping, university, tourist, and grocery places.",shopping_mall; tourist_landmark; university
campaign_6,awareness,DAT-SCR-001975,fixed,metro_station,platform,S,Bellwood Terminal,metro_station,Bellwood,DA Town,standard,Yellow Line,3,08:00-12:00,midday,1,30.8,31.86,55.44,31.86,796.5,0.0572,own_history,26167.0,23674.0,165719.0,0.5548,"65% of local population in target age range (18_34); commuter index 0.52; no nearby POIs match requested type(s): shopping_mall, office_park",LOC::DAT-LOC-0054,high,"Midday audience in Bellwood is mostly students, with a median age of 23.9 and 64.8% aged 18-34; entertainment, university, and residential tower activity is strong.",entertainment_district; residential_tower; university
campaign_6,awareness,ACS-SCR-001614,fixed,metro_station,platform,M,Fallowfield Terminal,metro_station,Fallowfield,Accordionshire,value,Green Line,2,04:00-08:00,morning,1,24.83,24.86,44.69,24.86,621.5,0.0021,own_history,22621.0,19141.0,133984.0,0.5533,"66% of local population in target age range (18_34); commuter index 0.51; no nearby POIs match requested type(s): shopping_mall, office_park",LOC::ACS-LOC-0014,high,"Morning riders near Fallowfield are mostly 18 to 34, with a student majority and high footfall around a university and grocery anchor.",university; grocery_anchor; residential_tower
campaign_6,awareness,DAT-SCR-002820,fixed,metro_station,platform,M,Bellwood Terminal,metro_station,Bellwood,DA Town,standard,Yellow Line,3,08:00-12:00,midday,1,35.78,36.82,64.4,36.82,920.5,0.0485,own_history,37874.0,17133.0,119933.0,0.7183,65% of local population in target age range (18_34); commuter index 0.52; nearby shopping_mall POI(s) relevant to campaign,LOC::DAT-LOC-0004,high,"Midday audience in Bellwood is mostly students, with a median age of 23.9 and 64.8% aged 18-34; grocery, shopping mall, and university activity is strong.",grocery_anchor; shopping_mall; university
